id,Country,Time,2017,2018,2019,2020,2021,2022,2023,2024,2025,2026,2027
GM0003,Appingedam,Biggest Party,14.0,14.0,14.0,14.0,14.0,14.0,14.0,14.0,14.0,14.0,14.0
GM0005,Bedum,Biggest Party,2.0,2.0,2.0,14.0,14.0,14.0,14.0,14.0,14.0,14.0,14.0
GM0007,Bellingwedde,Biggest Party,14.0,14.0,14.0,14.0,14.0,14.0,14.0,3.0,3.0,3.0,3.0
GM0009,Ten Boer,Biggest Party,2.0,2.0,14.0,14.0,14.0,14.0,14.0,14.0,14.0,14.0,14.0
GM0010,Delfzijl,Biggest Party,14.0,14.0,14.0,14.0,14.0,14.0,14.0,14.0,14.0,14.0,14.0
GM0014,Groningen,Biggest Party,14.0,14.0,14.0,14.0,14.0,14.0,14.0,14.0,14.0,6.0,6.0
GM0015,Grootegast,Biggest Party,2.0,2.0,2.0,14.0,14.0,14.0,14.0,14.0,14.0,14.0,14.0
GM0017,Haren,Biggest Party,1.0,1.0,1.0,1.0,1.0,1.0,1.0,1.0,1.0,1.0,1.0
GM0018,Hoogezand-Sappemeer,Biggest Party,14.0,14.0,14.0,14.0,14.0,14.0,14.0,14.0,14.0,14.0,14.0
GM0022,Leek,Biggest Party,14.0,14.0,14.0,14.0,14.0,14.0,14.0,14.0,14.0,14.0,14.0
GM0024,Loppersum,Biggest Party,2.0,14.0,14.0,14.0,14.0,14.0,14.0,14.0,14.0,14.0,14.0
GM0025,Marum,Biggest Party,14.0,14.0,14.0,14.0,14.0,14.0,14.0,14.0,1.0,1.0,1.0
GM0034,Almere,Biggest Party,14.0,14.0,14.0,14.0,14.0,14.0,14.0,14.0,14.0,14.0,14.0
GM0037,Stadskanaal,Biggest Party,14.0,14.0,14.0,14.0,14.0,14.0,14.0,14.0,14.0,14.0,14.0
GM0040,Slochteren,Biggest Party,14.0,14.0,14.0,14.0,14.0,14.0,14.0,14.0,14.0,14.0,14.0
GM0047,Veendam,Biggest Party,14.0,14.0,14.0,14.0,14.0,14.0,14.0,14.0,14.0,14.0,14.0
GM0048,Vlagtwedde,Biggest Party,14.0,14.0,14.0,14.0,14.0,14.0,14.0,14.0,3.0,3.0,3.0
GM0050,Zeewolde,Biggest Party,1.0,1.0,1.0,1.0,1.0,1.0,1.0,1.0,1.0,1.0,1.0
GM0053,Winsum,Biggest Party,2.0,2.0,14.0,14.0,14.0,14.0,14.0,14.0,14.0,14.0,14.0
GM0056,Zuidhorn,Biggest Party,2.0,2.0,2.0,14.0,14.0,14.0,14.0,14.0,14.0,14.0,14.0
GM0058,Dongeradeel,Biggest Party,2.0,2.0,2.0,2.0,2.0,2.0,14.0,14.0,14.0,14.0,14.0
GM0059,Achtkarspelen,Biggest Party,14.0,14.0,14.0,14.0,14.0,14.0,14.0,14.0,14.0,14.0,14.0
GM0060,Ameland,Biggest Party,1.0,1.0,1.0,1.0,1.0,1.0,1.0,1.0,1.0,1.0,1.0
GM0063,het Bildt,Biggest Party,14.0,14.0,14.0,14.0,14.0,14.0,14.0,14.0,14.0,14.0,14.0
GM0070,Franekeradeel,Biggest Party,14.0,14.0,14.0,14.0,14.0,14.0,14.0,14.0,14.0,14.0,14.0
GM0072,Harlingen,Biggest Party,14.0,14.0,14.0,14.0,14.0,14.0,14.0,14.0,14.0,14.0,14.0
GM0074,Heerenveen,Biggest Party,14.0,14.0,14.0,14.0,14.0,14.0,14.0,14.0,14.0,14.0,14.0
GM0079,Kollumerland en Nieuwkruisland,Biggest Party,2.0,2.0,2.0,14.0,14.0,14.0,14.0,14.0,14.0,14.0,14.0
GM0080,Leeuwarden,Biggest Party,14.0,14.0,14.0,14.0,14.0,14.0,14.0,14.0,14.0,14.0,14.0
GM0081,Leeuwarderadeel,Biggest Party,2.0,2.0,14.0,14.0,14.0,14.0,14.0,14.0,14.0,14.0,14.0
GM0085,Ooststellingwerf,Biggest Party,14.0,14.0,14.0,14.0,14.0,14.0,14.0,14.0,14.0,14.0,14.0
GM0086,Opsterland,Biggest Party,14.0,14.0,14.0,14.0,14.0,14.0,14.0,14.0,14.0,14.0,14.0
GM0088,Schiermonnikoog,Biggest Party,1.0,1.0,1.0,1.0,1.0,1.0,1.0,1.0,6.0,6.0,6.0
GM0090,Smallingerland,Biggest Party,14.0,14.0,14.0,14.0,14.0,14.0,14.0,14.0,14.0,14.0,14.0
GM0093,Terschelling,Biggest Party,1.0,1.0,1.0,1.0,1.0,1.0,1.0,1.0,1.0,1.0,1.0
GM0096,Vlieland,Biggest Party,1.0,1.0,1.0,1.0,1.0,1.0,1.0,1.0,1.0,1.0,1.0
GM0098,Weststellingwerf,Biggest Party,14.0,14.0,14.0,14.0,14.0,14.0,14.0,1.0,1.0,1.0,1.0
GM0106,Assen,Biggest Party,14.0,14.0,14.0,14.0,14.0,14.0,14.0,14.0,14.0,14.0,14.0
GM0109,Coevorden,Biggest Party,1.0,1.0,1.0,1.0,1.0,1.0,1.0,1.0,1.0,1.0,1.0
GM0114,Emmen,Biggest Party,14.0,14.0,14.0,14.0,14.0,14.0,14.0,14.0,14.0,3.0,3.0
GM0118,Hoogeveen,Biggest Party,14.0,14.0,14.0,14.0,14.0,14.0,14.0,14.0,14.0,14.0,3.0
GM0119,Meppel,Biggest Party,1.0,1.0,1.0,1.0,1.0,1.0,1.0,1.0,1.0,1.0,1.0
GM0140,Littenseradiel,Biggest Party,2.0,2.0,2.0,2.0,1.0,1.0,1.0,1.0,1.0,1.0,1.0
GM0141,Almelo,Biggest Party,14.0,14.0,14.0,14.0,14.0,14.0,14.0,14.0,14.0,14.0,3.0
GM0147,Borne,Biggest Party,2.0,1.0,1.0,1.0,1.0,1.0,1.0,1.0,1.0,1.0,1.0
GM0148,Dalfsen,Biggest Party,2.0,2.0,2.0,2.0,2.0,2.0,1.0,1.0,1.0,1.0,1.0
GM0150,Deventer,Biggest Party,14.0,14.0,14.0,14.0,14.0,14.0,14.0,14.0,14.0,14.0,14.0
GM0153,Enschede,Biggest Party,14.0,14.0,14.0,14.0,14.0,14.0,14.0,14.0,14.0,14.0,14.0
GM0158,Haaksbergen,Biggest Party,2.0,1.0,1.0,1.0,1.0,1.0,1.0,1.0,1.0,1.0,1.0
GM0160,Hardenberg,Biggest Party,2.0,2.0,2.0,2.0,14.0,14.0,1.0,1.0,1.0,1.0,1.0
GM0163,Hellendoorn,Biggest Party,2.0,2.0,2.0,2.0,2.0,1.0,1.0,1.0,1.0,1.0,1.0
GM0164,Hengelo,Biggest Party,14.0,14.0,14.0,14.0,14.0,14.0,14.0,14.0,14.0,14.0,14.0
GM0166,Kampen,Biggest Party,2.0,2.0,14.0,14.0,14.0,14.0,14.0,14.0,3.0,3.0,3.0
GM0168,Losser,Biggest Party,2.0,2.0,14.0,14.0,14.0,1.0,1.0,1.0,1.0,1.0,1.0
GM0171,Noordoostpolder,Biggest Party,1.0,1.0,1.0,1.0,1.0,1.0,1.0,1.0,1.0,1.0,1.0
GM0173,Oldenzaal,Biggest Party,1.0,1.0,1.0,1.0,1.0,1.0,1.0,1.0,1.0,1.0,1.0
GM0175,Ommen,Biggest Party,2.0,2.0,2.0,2.0,2.0,2.0,2.0,1.0,1.0,1.0,1.0
GM0177,Raalte,Biggest Party,7.0,7.0,7.0,7.0,7.0,1.0,1.0,1.0,1.0,1.0,1.0
GM0180,Staphorst,Biggest Party,11.0,11.0,11.0,11.0,11.0,11.0,11.0,11.0,11.0,11.0,11.0
GM0183,Tubbergen,Biggest Party,2.0,2.0,2.0,2.0,2.0,1.0,1.0,1.0,1.0,1.0,1.0
GM0184,Urk,Biggest Party,11.0,11.0,11.0,11.0,11.0,11.0,11.0,11.0,11.0,11.0,11.0
GM0189,Wierden,Biggest Party,2.0,2.0,1.0,1.0,1.0,1.0,1.0,1.0,1.0,1.0,1.0
GM0193,Zwolle,Biggest Party,14.0,14.0,14.0,14.0,14.0,14.0,14.0,14.0,14.0,14.0,14.0
GM0196,Rijnwaarden,Biggest Party,14.0,14.0,14.0,14.0,14.0,14.0,1.0,3.0,3.0,3.0,3.0
GM0197,Aalten,Biggest Party,2.0,2.0,2.0,14.0,14.0,14.0,14.0,14.0,14.0,14.0,1.0
GM0200,Apeldoorn,Biggest Party,1.0,1.0,1.0,1.0,1.0,1.0,1.0,1.0,1.0,1.0,1.0
GM0202,Arnhem,Biggest Party,14.0,14.0,14.0,14.0,14.0,14.0,14.0,14.0,14.0,14.0,14.0
GM0203,Barneveld,Biggest Party,11.0,11.0,11.0,11.0,11.0,11.0,11.0,11.0,11.0,11.0,11.0
GM0209,Beuningen,Biggest Party,1.0,1.0,1.0,1.0,1.0,1.0,1.0,1.0,1.0,1.0,1.0
GM0213,Brummen,Biggest Party,1.0,1.0,1.0,1.0,1.0,1.0,1.0,1.0,1.0,1.0,1.0
GM0214,Buren,Biggest Party,1.0,1.0,1.0,1.0,1.0,1.0,1.0,1.0,1.0,1.0,1.0
GM0216,Culemborg,Biggest Party,1.0,1.0,1.0,1.0,1.0,1.0,1.0,1.0,1.0,3.0,3.0
GM0221,Doesburg,Biggest Party,14.0,14.0,14.0,14.0,14.0,14.0,14.0,14.0,14.0,3.0,3.0
GM0222,Doetinchem,Biggest Party,14.0,14.0,14.0,14.0,14.0,14.0,14.0,14.0,14.0,14.0,1.0
GM0225,Druten,Biggest Party,1.0,1.0,1.0,1.0,1.0,1.0,1.0,1.0,1.0,1.0,1.0
GM0226,Duiven,Biggest Party,1.0,1.0,1.0,1.0,1.0,1.0,1.0,1.0,1.0,1.0,1.0
GM0228,Ede,Biggest Party,1.0,1.0,1.0,1.0,1.0,1.0,1.0,1.0,1.0,1.0,1.0
GM0230,Elburg,Biggest Party,2.0,2.0,14.0,1.0,1.0,1.0,1.0,1.0,1.0,1.0,1.0
GM0232,Epe,Biggest Party,1.0,1.0,1.0,1.0,1.0,1.0,1.0,1.0,1.0,1.0,1.0
GM0233,Ermelo,Biggest Party,1.0,1.0,1.0,1.0,1.0,1.0,1.0,1.0,1.0,1.0,1.0
GM0236,Geldermalsen,Biggest Party,1.0,1.0,1.0,1.0,1.0,1.0,1.0,1.0,1.0,1.0,1.0
GM0243,Harderwijk,Biggest Party,1.0,1.0,1.0,1.0,1.0,1.0,1.0,1.0,1.0,1.0,1.0
GM0244,Hattem,Biggest Party,2.0,1.0,1.0,1.0,1.0,1.0,1.0,1.0,1.0,1.0,1.0
GM0246,Heerde,Biggest Party,2.0,2.0,14.0,14.0,14.0,1.0,1.0,1.0,1.0,1.0,1.0
GM0252,Heumen,Biggest Party,1.0,1.0,1.0,1.0,1.0,1.0,1.0,1.0,1.0,1.0,1.0
GM0262,Lochem,Biggest Party,1.0,1.0,1.0,1.0,1.0,1.0,1.0,1.0,1.0,1.0,1.0
GM0263,Maasdriel,Biggest Party,1.0,1.0,1.0,1.0,1.0,1.0,1.0,1.0,1.0,1.0,1.0
GM0267,Nijkerk,Biggest Party,1.0,1.0,1.0,1.0,1.0,1.0,1.0,1.0,1.0,1.0,1.0
GM0268,Nijmegen,Biggest Party,14.0,14.0,14.0,14.0,14.0,14.0,14.0,14.0,14.0,14.0,14.0
GM0269,Oldebroek,Biggest Party,8.0,14.0,14.0,14.0,14.0,14.0,14.0,14.0,14.0,11.0,11.0
GM0273,Putten,Biggest Party,1.0,1.0,1.0,1.0,1.0,1.0,1.0,1.0,1.0,1.0,1.0
GM0274,Renkum,Biggest Party,1.0,1.0,1.0,1.0,1.0,1.0,1.0,1.0,1.0,1.0,1.0
GM0275,Rheden,Biggest Party,14.0,14.0,14.0,14.0,14.0,14.0,14.0,14.0,14.0,14.0,14.0
GM0277,Rozendaal,Biggest Party,1.0,1.0,1.0,1.0,1.0,1.0,1.0,1.0,1.0,1.0,1.0
GM0279,Scherpenzeel,Biggest Party,1.0,1.0,1.0,1.0,1.0,1.0,1.0,1.0,1.0,1.0,1.0
GM0281,Tiel,Biggest Party,14.0,14.0,14.0,14.0,14.0,14.0,14.0,14.0,14.0,3.0,3.0
GM0285,Voorst,Biggest Party,1.0,1.0,1.0,1.0,1.0,1.0,1.0,1.0,1.0,1.0,1.0
GM0289,Wageningen,Biggest Party,4.0,4.0,4.0,4.0,4.0,4.0,4.0,6.0,6.0,6.0,6.0
GM0293,Westervoort,Biggest Party,14.0,14.0,14.0,14.0,14.0,14.0,14.0,14.0,3.0,3.0,3.0
GM0294,Winterswijk,Biggest Party,1.0,1.0,14.0,14.0,1.0,1.0,1.0,1.0,1.0,1.0,1.0
GM0296,Wijchen,Biggest Party,1.0,1.0,1.0,1.0,1.0,1.0,1.0,1.0,1.0,1.0,1.0
GM0297,Zaltbommel,Biggest Party,1.0,1.0,1.0,1.0,1.0,1.0,1.0,1.0,1.0,1.0,1.0
GM0299,Zevenaar,Biggest Party,1.0,1.0,1.0,1.0,1.0,1.0,1.0,1.0,1.0,1.0,1.0
GM0301,Zutphen,Biggest Party,14.0,14.0,14.0,14.0,14.0,14.0,14.0,14.0,14.0,14.0,14.0
GM0302,Nunspeet,Biggest Party,11.0,11.0,11.0,11.0,11.0,11.0,11.0,11.0,11.0,11.0,11.0
GM0303,Dronten,Biggest Party,1.0,1.0,1.0,1.0,1.0,1.0,1.0,1.0,1.0,1.0,1.0
GM0304,Neerijnen,Biggest Party,1.0,1.0,1.0,1.0,1.0,1.0,1.0,1.0,1.0,1.0,1.0
GM0307,Amersfoort,Biggest Party,1.0,1.0,1.0,1.0,1.0,1.0,1.0,1.0,1.0,1.0,1.0
GM0308,Baarn,Biggest Party,1.0,1.0,1.0,1.0,1.0,1.0,1.0,1.0,1.0,1.0,1.0
GM0310,De Bilt,Biggest Party,1.0,1.0,1.0,1.0,1.0,1.0,1.0,1.0,1.0,1.0,1.0
GM0312,Bunnik,Biggest Party,1.0,1.0,1.0,1.0,1.0,1.0,1.0,1.0,1.0,1.0,1.0
GM0313,Bunschoten,Biggest Party,8.0,8.0,8.0,8.0,8.0,8.0,1.0,1.0,3.0,3.0,3.0
GM0317,Eemnes,Biggest Party,1.0,1.0,1.0,1.0,1.0,1.0,1.0,1.0,1.0,1.0,1.0
GM0321,Houten,Biggest Party,1.0,1.0,1.0,1.0,1.0,1.0,1.0,1.0,1.0,1.0,1.0
GM0327,Leusden,Biggest Party,1.0,1.0,1.0,1.0,1.0,1.0,1.0,1.0,1.0,1.0,1.0
GM0331,Lopik,Biggest Party,1.0,1.0,1.0,1.0,1.0,1.0,1.0,1.0,1.0,1.0,1.0
GM0335,Montfoort,Biggest Party,1.0,1.0,1.0,1.0,1.0,1.0,1.0,1.0,1.0,1.0,1.0
GM0339,Renswoude,Biggest Party,2.0,1.0,1.0,1.0,1.0,1.0,1.0,1.0,1.0,1.0,1.0
GM0340,Rhenen,Biggest Party,1.0,1.0,1.0,1.0,1.0,1.0,1.0,1.0,1.0,1.0,1.0
GM0342,Soest,Biggest Party,1.0,1.0,1.0,1.0,1.0,1.0,1.0,1.0,1.0,1.0,1.0
GM0344,Utrecht,Biggest Party,4.0,4.0,4.0,4.0,4.0,6.0,6.0,6.0,6.0,6.0,6.0
GM0345,Veenendaal,Biggest Party,14.0,1.0,1.0,1.0,1.0,1.0,1.0,1.0,1.0,1.0,1.0
GM0351,Woudenberg,Biggest Party,1.0,1.0,1.0,1.0,1.0,1.0,1.0,1.0,1.0,1.0,1.0
GM0352,Wijk bij Duurstede,Biggest Party,1.0,1.0,1.0,1.0,1.0,1.0,1.0,1.0,1.0,1.0,1.0
GM0353,IJsselstein,Biggest Party,1.0,1.0,1.0,1.0,1.0,1.0,1.0,1.0,1.0,1.0,1.0
GM0355,Zeist,Biggest Party,1.0,1.0,1.0,1.0,1.0,1.0,1.0,1.0,1.0,1.0,1.0
GM0356,Nieuwegein,Biggest Party,14.0,14.0,14.0,14.0,14.0,14.0,14.0,14.0,14.0,3.0,3.0
GM0358,Aalsmeer,Biggest Party,1.0,1.0,1.0,1.0,1.0,1.0,1.0,1.0,1.0,1.0,1.0
GM0361,Alkmaar,Biggest Party,14.0,14.0,14.0,14.0,14.0,14.0,1.0,1.0,1.0,1.0,1.0
GM0362,Amstelveen,Biggest Party,1.0,1.0,1.0,1.0,1.0,1.0,1.0,1.0,1.0,1.0,1.0
GM0363,Amsterdam,Biggest Party,14.0,14.0,14.0,14.0,14.0,14.0,14.0,14.0,14.0,14.0,14.0
GM0370,Beemster,Biggest Party,1.0,1.0,1.0,1.0,1.0,1.0,1.0,1.0,1.0,1.0,1.0
GM0373,Bergen (NH.),Biggest Party,1.0,1.0,1.0,1.0,1.0,1.0,1.0,1.0,1.0,1.0,1.0
GM0375,Beverwijk,Biggest Party,14.0,14.0,14.0,14.0,14.0,14.0,14.0,14.0,14.0,14.0,3.0
GM0376,Blaricum,Biggest Party,1.0,1.0,1.0,1.0,1.0,1.0,1.0,1.0,1.0,1.0,1.0
GM0377,Bloemendaal,Biggest Party,1.0,1.0,1.0,1.0,1.0,1.0,1.0,1.0,1.0,1.0,1.0
GM0383,Castricum,Biggest Party,1.0,1.0,1.0,1.0,1.0,1.0,1.0,1.0,1.0,1.0,1.0
GM0384,Diemen,Biggest Party,14.0,14.0,14.0,14.0,14.0,14.0,14.0,14.0,14.0,14.0,14.0
GM0385,Edam-Volendam,Biggest Party,1.0,1.0,1.0,1.0,1.0,1.0,1.0,1.0,3.0,3.0,3.0
GM0388,Enkhuizen,Biggest Party,14.0,14.0,14.0,1.0,1.0,1.0,1.0,1.0,1.0,1.0,1.0
GM0392,Haarlem,Biggest Party,1.0,1.0,1.0,1.0,1.0,1.0,1.0,1.0,1.0,1.0,1.0
GM0393,Haarlemmerliede en Spaarnwoude,Biggest Party,1.0,1.0,1.0,1.0,1.0,1.0,1.0,1.0,1.0,1.0,1.0
GM0394,Haarlemmermeer,Biggest Party,1.0,1.0,1.0,1.0,1.0,1.0,1.0,1.0,1.0,1.0,1.0
GM0396,Heemskerk,Biggest Party,1.0,1.0,1.0,1.0,1.0,1.0,1.0,1.0,1.0,1.0,1.0
GM0397,Heemstede,Biggest Party,1.0,1.0,1.0,1.0,1.0,1.0,1.0,1.0,1.0,1.0,1.0
GM0398,Heerhugowaard,Biggest Party,1.0,1.0,1.0,1.0,1.0,1.0,1.0,1.0,1.0,1.0,1.0
GM0399,Heiloo,Biggest Party,1.0,1.0,1.0,1.0,1.0,1.0,1.0,1.0,1.0,1.0,1.0
GM0400,Den Helder,Biggest Party,14.0,14.0,14.0,14.0,14.0,14.0,14.0,14.0,14.0,3.0,3.0
GM0402,Hilversum,Biggest Party,1.0,1.0,1.0,1.0,1.0,1.0,1.0,1.0,1.0,1.0,1.0
GM0405,Hoorn,Biggest Party,14.0,14.0,14.0,14.0,14.0,14.0,14.0,14.0,1.0,1.0,1.0
GM0406,Huizen,Biggest Party,1.0,1.0,1.0,1.0,1.0,1.0,1.0,1.0,1.0,1.0,1.0
GM0415,Landsmeer,Biggest Party,1.0,1.0,1.0,1.0,1.0,1.0,1.0,1.0,1.0,1.0,1.0
GM0416,Langedijk,Biggest Party,1.0,1.0,1.0,1.0,1.0,1.0,1.0,1.0,1.0,1.0,1.0
GM0417,Laren,Biggest Party,1.0,1.0,1.0,1.0,1.0,1.0,1.0,1.0,1.0,1.0,1.0
GM0420,Medemblik,Biggest Party,1.0,1.0,1.0,1.0,1.0,1.0,1.0,1.0,1.0,1.0,1.0
GM0431,Oostzaan,Biggest Party,1.0,1.0,1.0,1.0,1.0,1.0,1.0,1.0,1.0,1.0,1.0
GM0432,Opmeer,Biggest Party,1.0,1.0,1.0,1.0,1.0,1.0,1.0,1.0,1.0,1.0,1.0
GM0437,Ouder-Amstel,Biggest Party,1.0,1.0,1.0,1.0,1.0,1.0,1.0,1.0,1.0,1.0,1.0
GM0439,Purmerend,Biggest Party,14.0,14.0,14.0,14.0,14.0,14.0,14.0,3.0,3.0,3.0,3.0
GM0441,Schagen,Biggest Party,1.0,1.0,1.0,1.0,1.0,1.0,1.0,1.0,1.0,1.0,1.0
GM0448,Texel,Biggest Party,1.0,1.0,1.0,1.0,1.0,1.0,1.0,1.0,1.0,1.0,1.0
GM0450,Uitgeest,Biggest Party,1.0,1.0,1.0,1.0,1.0,1.0,1.0,1.0,1.0,1.0,1.0
GM0451,Uithoorn,Biggest Party,1.0,1.0,1.0,1.0,1.0,1.0,1.0,1.0,1.0,1.0,1.0
GM0453,Velsen,Biggest Party,1.0,1.0,1.0,1.0,1.0,1.0,1.0,1.0,1.0,1.0,3.0
GM0457,Weesp,Biggest Party,1.0,1.0,1.0,1.0,1.0,1.0,1.0,1.0,1.0,1.0,1.0
GM0473,Zandvoort,Biggest Party,1.0,1.0,1.0,1.0,1.0,1.0,1.0,1.0,1.0,1.0,1.0
GM0479,Zaanstad,Biggest Party,14.0,14.0,14.0,14.0,14.0,14.0,14.0,14.0,14.0,14.0,3.0
GM0482,Alblasserdam,Biggest Party,14.0,14.0,14.0,14.0,14.0,14.0,14.0,3.0,3.0,3.0,3.0
GM0484,Alphen aan den Rijn,Biggest Party,1.0,1.0,1.0,1.0,1.0,1.0,1.0,1.0,1.0,1.0,1.0
GM0489,Barendrecht,Biggest Party,1.0,1.0,1.0,1.0,1.0,1.0,1.0,1.0,1.0,1.0,1.0
GM0498,Drechterland,Biggest Party,1.0,1.0,1.0,1.0,1.0,1.0,1.0,1.0,1.0,1.0,1.0
GM0501,Brielle,Biggest Party,1.0,1.0,1.0,1.0,1.0,1.0,1.0,1.0,1.0,1.0,1.0
GM0502,Capelle aan den IJssel,Biggest Party,14.0,14.0,14.0,14.0,14.0,14.0,14.0,14.0,14.0,14.0,3.0
GM0503,Delft,Biggest Party,14.0,14.0,14.0,14.0,14.0,14.0,14.0,14.0,14.0,14.0,14.0
GM0505,Dordrecht,Biggest Party,14.0,14.0,14.0,14.0,14.0,14.0,14.0,14.0,14.0,14.0,14.0
GM0512,Gorinchem,Biggest Party,14.0,14.0,14.0,14.0,14.0,14.0,14.0,14.0,14.0,1.0,1.0
GM0513,Gouda,Biggest Party,14.0,14.0,14.0,14.0,14.0,14.0,14.0,14.0,14.0,14.0,3.0
GM0518,'s-Gravenhage,Biggest Party,14.0,14.0,14.0,14.0,14.0,14.0,14.0,14.0,14.0,14.0,14.0
GM0523,Hardinxveld-Giessendam,Biggest Party,11.0,11.0,11.0,11.0,11.0,11.0,11.0,11.0,11.0,11.0,11.0
GM0530,Hellevoetsluis,Biggest Party,14.0,14.0,14.0,14.0,1.0,3.0,3.0,3.0,3.0,3.0,3.0
GM0531,Hendrik-Ido-Ambacht,Biggest Party,1.0,1.0,1.0,1.0,1.0,1.0,1.0,1.0,1.0,1.0,1.0
GM0532,Stede Broec,Biggest Party,1.0,1.0,1.0,1.0,1.0,1.0,1.0,1.0,1.0,1.0,1.0
GM0534,Hillegom,Biggest Party,1.0,1.0,1.0,1.0,1.0,1.0,1.0,1.0,1.0,1.0,1.0
GM0537,Katwijk,Biggest Party,2.0,1.0,1.0,1.0,1.0,1.0,1.0,1.0,1.0,1.0,1.0
GM0542,Krimpen aan den IJssel,Biggest Party,1.0,1.0,1.0,1.0,1.0,1.0,1.0,1.0,1.0,1.0,1.0
GM0545,Leerdam,Biggest Party,14.0,14.0,14.0,14.0,14.0,14.0,1.0,1.0,1.0,1.0,3.0
GM0546,Leiden,Biggest Party,4.0,4.0,4.0,4.0,4.0,4.0,4.0,4.0,4.0,6.0,6.0
GM0547,Leiderdorp,Biggest Party,1.0,1.0,1.0,1.0,1.0,1.0,1.0,1.0,1.0,1.0,1.0
GM0553,Lisse,Biggest Party,1.0,1.0,1.0,1.0,1.0,1.0,1.0,1.0,1.0,1.0,1.0
GM0556,Maassluis,Biggest Party,14.0,1.0,1.0,1.0,1.0,1.0,1.0,1.0,3.0,3.0,3.0
GM0569,Nieuwkoop,Biggest Party,1.0,1.0,1.0,1.0,1.0,1.0,1.0,1.0,1.0,1.0,1.0
GM0575,Noordwijk,Biggest Party,1.0,1.0,1.0,1.0,1.0,1.0,1.0,1.0,1.0,1.0,1.0
GM0576,Noordwijkerhout,Biggest Party,1.0,1.0,1.0,1.0,1.0,1.0,1.0,1.0,1.0,1.0,1.0
GM0579,Oegstgeest,Biggest Party,1.0,1.0,1.0,1.0,1.0,1.0,1.0,1.0,1.0,1.0,1.0
GM0584,Oud-Beijerland,Biggest Party,1.0,1.0,1.0,1.0,1.0,1.0,1.0,1.0,1.0,1.0,1.0
GM0585,Binnenmaas,Biggest Party,1.0,1.0,1.0,1.0,1.0,1.0,1.0,1.0,1.0,1.0,1.0
GM0588,Korendijk,Biggest Party,1.0,1.0,1.0,1.0,1.0,1.0,1.0,1.0,1.0,1.0,1.0
GM0589,Oudewater,Biggest Party,1.0,1.0,1.0,1.0,1.0,1.0,1.0,1.0,1.0,1.0,1.0
GM0590,Papendrecht,Biggest Party,1.0,1.0,1.0,1.0,1.0,1.0,1.0,1.0,1.0,1.0,1.0
GM0597,Ridderkerk,Biggest Party,14.0,14.0,14.0,14.0,14.0,14.0,3.0,3.0,3.0,3.0,3.0
GM0599,Rotterdam,Biggest Party,14.0,14.0,14.0,14.0,14.0,14.0,14.0,14.0,14.0,14.0,14.0
GM0603,Rijswijk,Biggest Party,14.0,14.0,14.0,14.0,14.0,14.0,1.0,3.0,3.0,3.0,3.0
GM0606,Schiedam,Biggest Party,14.0,14.0,14.0,14.0,14.0,14.0,14.0,14.0,14.0,14.0,3.0
GM0610,Sliedrecht,Biggest Party,14.0,14.0,14.0,14.0,14.0,14.0,14.0,14.0,14.0,14.0,3.0
GM0611,Cromstrijen,Biggest Party,1.0,1.0,1.0,1.0,1.0,1.0,1.0,1.0,1.0,1.0,1.0
GM0613,Albrandswaard,Biggest Party,1.0,1.0,1.0,1.0,1.0,1.0,1.0,1.0,1.0,1.0,1.0
GM0614,Westvoorne,Biggest Party,1.0,1.0,1.0,1.0,1.0,1.0,1.0,1.0,1.0,1.0,1.0
GM0617,Strijen,Biggest Party,1.0,1.0,1.0,1.0,1.0,1.0,1.0,1.0,1.0,1.0,1.0
GM0620,Vianen,Biggest Party,1.0,1.0,1.0,1.0,1.0,1.0,1.0,1.0,1.0,1.0,1.0
GM0622,Vlaardingen,Biggest Party,14.0,14.0,14.0,14.0,14.0,14.0,14.0,3.0,3.0,3.0,3.0
GM0626,Voorschoten,Biggest Party,1.0,1.0,1.0,1.0,1.0,1.0,1.0,1.0,1.0,1.0,1.0
GM0627,Waddinxveen,Biggest Party,1.0,1.0,1.0,1.0,1.0,1.0,1.0,1.0,1.0,1.0,1.0
GM0629,Wassenaar,Biggest Party,1.0,1.0,1.0,1.0,1.0,1.0,1.0,1.0,1.0,1.0,1.0
GM0632,Woerden,Biggest Party,1.0,1.0,1.0,1.0,1.0,1.0,1.0,1.0,1.0,1.0,1.0
GM0637,Zoetermeer,Biggest Party,14.0,14.0,14.0,14.0,14.0,1.0,1.0,1.0,1.0,1.0,3.0
GM0638,Zoeterwoude,Biggest Party,1.0,1.0,1.0,1.0,1.0,1.0,1.0,1.0,1.0,1.0,1.0
GM0642,Zwijndrecht,Biggest Party,14.0,14.0,14.0,14.0,14.0,14.0,14.0,14.0,3.0,3.0,3.0
GM0654,Borsele,Biggest Party,14.0,1.0,1.0,1.0,1.0,1.0,1.0,1.0,1.0,1.0,1.0
GM0664,Goes,Biggest Party,14.0,14.0,14.0,14.0,14.0,14.0,14.0,14.0,14.0,14.0,1.0
GM0668,West Maas en Waal,Biggest Party,1.0,1.0,1.0,1.0,1.0,1.0,1.0,1.0,1.0,1.0,1.0
GM0677,Hulst,Biggest Party,14.0,14.0,14.0,14.0,14.0,14.0,1.0,1.0,1.0,1.0,3.0
GM0678,Kapelle,Biggest Party,1.0,1.0,1.0,1.0,1.0,1.0,1.0,1.0,1.0,1.0,1.0
GM0687,Middelburg,Biggest Party,14.0,14.0,14.0,14.0,14.0,14.0,14.0,14.0,14.0,14.0,14.0
GM0689,Giessenlanden,Biggest Party,1.0,1.0,1.0,1.0,1.0,1.0,1.0,1.0,1.0,1.0,1.0
GM0703,Reimerswaal,Biggest Party,9.0,9.0,9.0,9.0,9.0,9.0,9.0,9.0,9.0,9.0,9.0
GM0707,Zederik,Biggest Party,2.0,1.0,1.0,1.0,1.0,1.0,1.0,1.0,1.0,1.0,1.0
GM0715,Terneuzen,Biggest Party,14.0,14.0,14.0,14.0,14.0,14.0,14.0,14.0,14.0,14.0,14.0
GM0716,Tholen,Biggest Party,11.0,11.0,11.0,11.0,11.0,11.0,11.0,11.0,11.0,11.0,11.0
GM0717,Veere,Biggest Party,1.0,1.0,1.0,1.0,1.0,1.0,1.0,1.0,1.0,1.0,1.0
GM0718,Vlissingen,Biggest Party,14.0,14.0,14.0,14.0,14.0,14.0,14.0,14.0,14.0,14.0,14.0
GM0733,Lingewaal,Biggest Party,1.0,1.0,1.0,1.0,1.0,1.0,1.0,1.0,3.0,3.0,3.0
GM0736,De Ronde Venen,Biggest Party,1.0,1.0,1.0,1.0,1.0,1.0,1.0,1.0,1.0,1.0,1.0
GM0737,Tytsjerksteradiel,Biggest Party,2.0,2.0,2.0,2.0,14.0,14.0,14.0,14.0,14.0,14.0,14.0
GM0738,Aalburg,Biggest Party,11.0,11.0,11.0,11.0,11.0,11.0,11.0,11.0,11.0,11.0,11.0
GM0743,Asten,Biggest Party,1.0,1.0,1.0,1.0,1.0,1.0,1.0,1.0,1.0,1.0,1.0
GM0744,Baarle-Nassau,Biggest Party,1.0,1.0,1.0,1.0,1.0,1.0,1.0,1.0,1.0,1.0,1.0
GM0748,Bergen op Zoom,Biggest Party,14.0,14.0,14.0,14.0,14.0,14.0,1.0,1.0,1.0,1.0,3.0
GM0753,Best,Biggest Party,1.0,1.0,1.0,1.0,1.0,1.0,1.0,1.0,1.0,1.0,1.0
GM0755,Boekel,Biggest Party,1.0,1.0,1.0,1.0,1.0,1.0,1.0,1.0,1.0,1.0,1.0
GM0756,Boxmeer,Biggest Party,5.0,5.0,5.0,5.0,1.0,1.0,1.0,1.0,1.0,1.0,1.0
GM0757,Boxtel,Biggest Party,14.0,14.0,14.0,14.0,14.0,14.0,14.0,14.0,14.0,1.0,1.0
GM0758,Breda,Biggest Party,1.0,1.0,1.0,1.0,1.0,1.0,1.0,1.0,1.0,1.0,1.0
GM0762,Deurne,Biggest Party,1.0,1.0,1.0,1.0,1.0,1.0,1.0,1.0,1.0,1.0,1.0
GM0765,Pekela,Biggest Party,14.0,14.0,14.0,14.0,14.0,14.0,14.0,14.0,14.0,3.0,3.0
GM0766,Dongen,Biggest Party,1.0,1.0,1.0,1.0,1.0,1.0,1.0,1.0,1.0,1.0,1.0
GM0770,Eersel,Biggest Party,1.0,1.0,1.0,1.0,1.0,1.0,1.0,1.0,1.0,1.0,1.0
GM0772,Eindhoven,Biggest Party,14.0,14.0,14.0,14.0,14.0,14.0,14.0,14.0,14.0,14.0,14.0
GM0777,Etten-Leur,Biggest Party,1.0,1.0,1.0,1.0,1.0,1.0,1.0,1.0,1.0,1.0,1.0
GM0779,Geertruidenberg,Biggest Party,14.0,14.0,1.0,1.0,1.0,1.0,1.0,1.0,1.0,1.0,1.0
GM0784,Gilze en Rijen,Biggest Party,1.0,1.0,1.0,1.0,1.0,1.0,1.0,1.0,1.0,1.0,1.0
GM0785,Goirle,Biggest Party,1.0,1.0,1.0,1.0,1.0,1.0,1.0,1.0,1.0,1.0,1.0
GM0786,Grave,Biggest Party,1.0,1.0,1.0,1.0,1.0,1.0,1.0,1.0,1.0,1.0,1.0
GM0788,Haaren,Biggest Party,1.0,1.0,1.0,1.0,1.0,1.0,1.0,1.0,1.0,1.0,1.0
GM0794,Helmond,Biggest Party,14.0,14.0,14.0,14.0,14.0,14.0,14.0,14.0,3.0,3.0,3.0
GM0796,'s-Hertogenbosch,Biggest Party,14.0,14.0,14.0,14.0,1.0,1.0,1.0,1.0,1.0,1.0,1.0
GM0797,Heusden,Biggest Party,1.0,1.0,1.0,1.0,1.0,1.0,1.0,1.0,1.0,1.0,1.0
GM0798,Hilvarenbeek,Biggest Party,1.0,1.0,1.0,1.0,1.0,1.0,1.0,1.0,1.0,1.0,1.0
GM0809,Loon op Zand,Biggest Party,1.0,1.0,1.0,1.0,1.0,1.0,1.0,1.0,1.0,1.0,1.0
GM0815,Mill en Sint Hubert,Biggest Party,1.0,1.0,1.0,1.0,1.0,1.0,1.0,1.0,1.0,1.0,1.0
GM0820,Nuenen Gerwen en Nederwetten,Biggest Party,1.0,1.0,1.0,1.0,1.0,1.0,1.0,1.0,1.0,1.0,1.0
GM0823,Oirschot,Biggest Party,1.0,1.0,1.0,1.0,1.0,1.0,1.0,1.0,1.0,1.0,1.0
GM0824,Oisterwijk,Biggest Party,1.0,1.0,1.0,1.0,1.0,1.0,1.0,1.0,1.0,1.0,1.0
GM0826,Oosterhout,Biggest Party,14.0,14.0,1.0,1.0,1.0,1.0,1.0,1.0,1.0,1.0,1.0
GM0828,Oss,Biggest Party,14.0,14.0,14.0,14.0,14.0,14.0,14.0,1.0,1.0,1.0,1.0
GM0840,Rucphen,Biggest Party,3.0,3.0,3.0,3.0,3.0,3.0,3.0,3.0,3.0,3.0,3.0
GM0845,Sint-Michielsgestel,Biggest Party,1.0,1.0,1.0,1.0,1.0,1.0,1.0,1.0,1.0,1.0,1.0
GM0847,Someren,Biggest Party,1.0,1.0,1.0,1.0,1.0,1.0,1.0,1.0,1.0,1.0,1.0
GM0848,Son en Breugel,Biggest Party,1.0,1.0,1.0,1.0,1.0,1.0,1.0,1.0,1.0,1.0,1.0
GM0851,Steenbergen,Biggest Party,14.0,14.0,1.0,1.0,1.0,1.0,1.0,3.0,3.0,3.0,3.0
GM0852,Waterland,Biggest Party,1.0,1.0,1.0,1.0,1.0,1.0,1.0,1.0,1.0,1.0,1.0
GM0855,Tilburg,Biggest Party,14.0,14.0,14.0,14.0,14.0,14.0,14.0,14.0,14.0,14.0,14.0
GM0856,Uden,Biggest Party,1.0,1.0,1.0,1.0,1.0,1.0,1.0,1.0,1.0,1.0,1.0
GM0858,Valkenswaard,Biggest Party,1.0,1.0,1.0,1.0,1.0,1.0,1.0,1.0,1.0,1.0,1.0
GM0861,Veldhoven,Biggest Party,1.0,1.0,1.0,1.0,1.0,1.0,1.0,1.0,1.0,1.0,1.0
GM0865,Vught,Biggest Party,1.0,1.0,1.0,1.0,1.0,1.0,1.0,1.0,1.0,1.0,1.0
GM0866,Waalre,Biggest Party,1.0,1.0,1.0,1.0,1.0,1.0,1.0,1.0,1.0,1.0,1.0
GM0867,Waalwijk,Biggest Party,14.0,14.0,14.0,14.0,1.0,1.0,1.0,1.0,1.0,1.0,1.0
GM0870,Werkendam,Biggest Party,14.0,14.0,1.0,1.0,1.0,1.0,1.0,1.0,1.0,1.0,1.0
GM0873,Woensdrecht,Biggest Party,14.0,14.0,1.0,1.0,1.0,1.0,1.0,1.0,1.0,3.0,3.0
GM0874,Woudrichem,Biggest Party,2.0,1.0,1.0,1.0,1.0,1.0,1.0,1.0,1.0,1.0,1.0
GM0879,Zundert,Biggest Party,1.0,1.0,1.0,1.0,1.0,1.0,1.0,1.0,1.0,1.0,1.0
GM0880,Wormerland,Biggest Party,1.0,1.0,1.0,1.0,1.0,1.0,1.0,1.0,1.0,1.0,1.0
GM0881,Onderbanken,Biggest Party,3.0,3.0,3.0,3.0,3.0,3.0,3.0,3.0,3.0,3.0,3.0
GM0882,Landgraaf,Biggest Party,14.0,14.0,14.0,3.0,3.0,3.0,3.0,3.0,3.0,3.0,3.0
GM0888,Beek,Biggest Party,14.0,14.0,3.0,3.0,3.0,3.0,3.0,3.0,3.0,3.0,3.0
GM0889,Beesel,Biggest Party,14.0,14.0,14.0,14.0,14.0,14.0,3.0,3.0,3.0,3.0,3.0
GM0893,Bergen (L.),Biggest Party,14.0,14.0,14.0,14.0,14.0,14.0,14.0,3.0,3.0,3.0,3.0
GM0899,Brunssum,Biggest Party,14.0,14.0,14.0,14.0,3.0,3.0,3.0,3.0,3.0,3.0,3.0
GM0907,Gennep,Biggest Party,14.0,14.0,14.0,14.0,14.0,14.0,14.0,14.0,14.0,14.0,14.0
GM0917,Heerlen,Biggest Party,14.0,14.0,14.0,14.0,14.0,14.0,14.0,14.0,14.0,14.0,14.0
GM0928,Kerkrade,Biggest Party,14.0,14.0,14.0,14.0,14.0,14.0,3.0,3.0,3.0,3.0,3.0
GM0935,Maastricht,Biggest Party,14.0,14.0,14.0,14.0,14.0,14.0,14.0,14.0,14.0,14.0,14.0
GM0938,Meerssen,Biggest Party,14.0,14.0,14.0,14.0,1.0,1.0,3.0,3.0,3.0,3.0,3.0
GM0944,Mook en Middelaar,Biggest Party,1.0,1.0,1.0,1.0,1.0,1.0,1.0,1.0,1.0,1.0,1.0
GM0946,Nederweert,Biggest Party,14.0,14.0,14.0,1.0,1.0,1.0,1.0,1.0,1.0,1.0,1.0
GM0951,Nuth,Biggest Party,14.0,14.0,14.0,14.0,14.0,3.0,3.0,3.0,3.0,3.0,3.0
GM0957,Roermond,Biggest Party,14.0,14.0,14.0,14.0,14.0,14.0,14.0,14.0,14.0,14.0,14.0
GM0962,Schinnen,Biggest Party,14.0,14.0,14.0,14.0,14.0,1.0,3.0,3.0,3.0,3.0,3.0
GM0965,Simpelveld,Biggest Party,14.0,14.0,14.0,3.0,3.0,3.0,3.0,3.0,3.0,3.0,3.0
GM0971,Stein,Biggest Party,14.0,14.0,3.0,3.0,3.0,3.0,3.0,3.0,3.0,3.0,3.0
GM0981,Vaals,Biggest Party,14.0,14.0,14.0,14.0,14.0,14.0,14.0,3.0,3.0,3.0,3.0
GM0983,Venlo,Biggest Party,14.0,14.0,14.0,14.0,14.0,14.0,14.0,14.0,14.0,3.0,3.0
GM0984,Venray,Biggest Party,14.0,14.0,14.0,14.0,14.0,14.0,14.0,1.0,1.0,1.0,1.0
GM0986,Voerendaal,Biggest Party,1.0,1.0,1.0,1.0,1.0,1.0,1.0,3.0,3.0,3.0,3.0
GM0988,Weert,Biggest Party,14.0,14.0,14.0,14.0,14.0,14.0,1.0,1.0,1.0,3.0,3.0
GM0994,Valkenburg aan de Geul,Biggest Party,14.0,14.0,14.0,14.0,14.0,1.0,1.0,3.0,3.0,3.0,3.0
GM0995,Lelystad,Biggest Party,14.0,14.0,14.0,14.0,14.0,14.0,14.0,14.0,14.0,14.0,3.0
GM1507,Horst aan de Maas,Biggest Party,2.0,14.0,1.0,1.0,1.0,1.0,1.0,1.0,1.0,1.0,1.0
GM1509,Oude IJsselstreek,Biggest Party,14.0,14.0,14.0,14.0,1.0,1.0,1.0,1.0,1.0,1.0,1.0
GM1525,Teylingen,Biggest Party,1.0,1.0,1.0,1.0,1.0,1.0,1.0,1.0,1.0,1.0,1.0
GM1581,Utrechtse Heuvelrug,Biggest Party,1.0,1.0,1.0,1.0,1.0,1.0,1.0,1.0,1.0,1.0,1.0
GM1586,Oost Gelre,Biggest Party,1.0,1.0,1.0,1.0,1.0,1.0,1.0,1.0,1.0,1.0,1.0
GM1598,Koggenland,Biggest Party,1.0,1.0,1.0,1.0,1.0,1.0,1.0,1.0,1.0,1.0,1.0
GM1621,Lansingerland,Biggest Party,1.0,1.0,1.0,1.0,1.0,1.0,1.0,1.0,1.0,1.0,1.0
GM1640,Leudal,Biggest Party,14.0,14.0,14.0,14.0,14.0,14.0,14.0,1.0,1.0,1.0,3.0
GM1641,Maasgouw,Biggest Party,14.0,14.0,14.0,14.0,14.0,14.0,14.0,14.0,3.0,3.0,3.0
GM1651,Eemsmond,Biggest Party,14.0,14.0,14.0,14.0,14.0,14.0,14.0,14.0,14.0,14.0,14.0
GM1652,Gemert-Bakel,Biggest Party,14.0,1.0,1.0,1.0,1.0,1.0,1.0,1.0,1.0,1.0,1.0
GM1655,Halderberge,Biggest Party,14.0,14.0,1.0,1.0,1.0,1.0,1.0,1.0,1.0,1.0,1.0
GM1658,Heeze-Leende,Biggest Party,1.0,1.0,1.0,1.0,1.0,1.0,1.0,1.0,1.0,1.0,1.0
GM1659,Laarbeek,Biggest Party,1.0,1.0,1.0,1.0,1.0,1.0,1.0,1.0,1.0,1.0,1.0
GM1663,De Marne,Biggest Party,14.0,14.0,14.0,14.0,14.0,14.0,14.0,14.0,14.0,14.0,14.0
GM1667,Reusel-De Mierden,Biggest Party,1.0,1.0,1.0,1.0,1.0,1.0,1.0,1.0,1.0,1.0,1.0
GM1669,Roerdalen,Biggest Party,14.0,14.0,14.0,14.0,3.0,3.0,3.0,3.0,3.0,3.0,3.0
GM1674,Roosendaal,Biggest Party,14.0,14.0,14.0,14.0,14.0,14.0,14.0,1.0,1.0,1.0,3.0
GM1676,Schouwen-Duiveland,Biggest Party,1.0,1.0,1.0,1.0,1.0,1.0,1.0,1.0,1.0,1.0,1.0
GM1680,Aa en Hunze,Biggest Party,1.0,1.0,1.0,1.0,1.0,1.0,1.0,1.0,1.0,1.0,1.0
GM1681,Borger-Odoorn,Biggest Party,14.0,14.0,14.0,14.0,14.0,14.0,1.0,1.0,1.0,3.0,3.0
GM1684,Cuijk,Biggest Party,14.0,14.0,14.0,14.0,14.0,14.0,1.0,1.0,1.0,1.0,1.0
GM1685,Landerd,Biggest Party,1.0,1.0,1.0,1.0,1.0,1.0,1.0,1.0,1.0,1.0,1.0
GM1690,De Wolden,Biggest Party,1.0,1.0,1.0,1.0,1.0,1.0,1.0,1.0,1.0,1.0,1.0
GM1695,Noord-Beveland,Biggest Party,1.0,1.0,1.0,1.0,1.0,1.0,1.0,1.0,1.0,1.0,1.0
GM1696,Wijdemeren,Biggest Party,1.0,1.0,1.0,1.0,1.0,1.0,1.0,1.0,1.0,1.0,1.0
GM1699,Noordenveld,Biggest Party,1.0,1.0,1.0,1.0,1.0,1.0,1.0,1.0,1.0,1.0,1.0
GM1700,Twenterand,Biggest Party,2.0,2.0,2.0,2.0,2.0,14.0,14.0,14.0,3.0,3.0,3.0
GM1701,Westerveld,Biggest Party,1.0,1.0,1.0,1.0,1.0,1.0,1.0,1.0,1.0,1.0,1.0
GM1702,Sint Anthonis,Biggest Party,2.0,2.0,1.0,1.0,1.0,1.0,1.0,1.0,1.0,1.0,1.0
GM1705,Lingewaard,Biggest Party,1.0,1.0,1.0,1.0,1.0,1.0,1.0,1.0,1.0,1.0,1.0
GM1706,Cranendonck,Biggest Party,1.0,1.0,1.0,1.0,1.0,1.0,1.0,1.0,1.0,1.0,1.0
GM1708,Steenwijkerland,Biggest Party,1.0,1.0,1.0,1.0,1.0,1.0,1.0,1.0,1.0,1.0,1.0
GM1709,Moerdijk,Biggest Party,1.0,1.0,1.0,1.0,1.0,1.0,1.0,1.0,1.0,1.0,1.0
GM1711,Echt-Susteren,Biggest Party,14.0,14.0,14.0,14.0,3.0,3.0,3.0,3.0,3.0,3.0,3.0
GM1714,Sluis,Biggest Party,14.0,14.0,14.0,14.0,1.0,1.0,1.0,1.0,1.0,1.0,1.0
GM1719,Drimmelen,Biggest Party,1.0,1.0,1.0,1.0,1.0,1.0,1.0,1.0,1.0,1.0,1.0
GM1721,Bernheze,Biggest Party,1.0,1.0,1.0,1.0,1.0,1.0,1.0,1.0,1.0,1.0,1.0
GM1722,Ferwerderadiel,Biggest Party,2.0,2.0,2.0,2.0,14.0,14.0,14.0,14.0,14.0,14.0,14.0
GM1723,Alphen-Chaam,Biggest Party,1.0,1.0,1.0,1.0,1.0,1.0,1.0,1.0,1.0,1.0,1.0
GM1724,Bergeijk,Biggest Party,1.0,1.0,1.0,1.0,1.0,1.0,1.0,1.0,1.0,1.0,1.0
GM1728,Bladel,Biggest Party,1.0,1.0,1.0,1.0,1.0,1.0,1.0,1.0,1.0,1.0,1.0
GM1729,Gulpen-Wittem,Biggest Party,14.0,14.0,14.0,3.0,3.0,3.0,3.0,3.0,3.0,3.0,3.0
GM1730,Tynaarlo,Biggest Party,1.0,1.0,1.0,1.0,1.0,1.0,1.0,1.0,1.0,1.0,1.0
GM1731,Midden-Drenthe,Biggest Party,1.0,1.0,1.0,1.0,1.0,1.0,1.0,1.0,1.0,1.0,1.0
GM1734,Overbetuwe,Biggest Party,1.0,1.0,1.0,1.0,1.0,1.0,1.0,1.0,1.0,1.0,1.0
GM1735,Hof van Twente,Biggest Party,1.0,1.0,1.0,1.0,1.0,1.0,1.0,1.0,1.0,1.0,1.0
GM1740,Neder-Betuwe,Biggest Party,11.0,11.0,11.0,11.0,11.0,11.0,11.0,11.0,11.0,11.0,11.0
GM1742,Rijssen-Holten,Biggest Party,11.0,11.0,11.0,11.0,11.0,11.0,11.0,11.0,11.0,11.0,11.0
GM1771,Geldrop-Mierlo,Biggest Party,14.0,14.0,14.0,14.0,14.0,1.0,1.0,1.0,1.0,1.0,1.0
GM1773,Olst-Wijhe,Biggest Party,1.0,1.0,1.0,1.0,1.0,1.0,1.0,1.0,1.0,1.0,1.0
GM1774,Dinkelland,Biggest Party,2.0,2.0,2.0,1.0,1.0,1.0,1.0,1.0,1.0,1.0,1.0
GM1783,Westland,Biggest Party,1.0,1.0,1.0,1.0,1.0,1.0,1.0,1.0,1.0,1.0,1.0
GM1842,Midden-Delfland,Biggest Party,1.0,1.0,1.0,1.0,1.0,1.0,1.0,1.0,1.0,1.0,1.0
GM1859,Berkelland,Biggest Party,1.0,1.0,1.0,1.0,1.0,1.0,1.0,1.0,1.0,1.0,1.0
GM1876,Bronckhorst,Biggest Party,1.0,1.0,1.0,1.0,1.0,1.0,1.0,1.0,1.0,1.0,1.0
GM1883,Sittard-Geleen,Biggest Party,14.0,14.0,14.0,14.0,14.0,14.0,14.0,14.0,3.0,3.0,3.0
GM1884,Kaag en Braassem,Biggest Party,1.0,1.0,1.0,1.0,1.0,1.0,1.0,1.0,1.0,1.0,1.0
GM1891,Dantumadiel,Biggest Party,2.0,2.0,2.0,14.0,14.0,14.0,14.0,14.0,14.0,14.0,14.0
GM1892,Zuidplas,Biggest Party,1.0,1.0,1.0,1.0,1.0,1.0,1.0,1.0,1.0,1.0,1.0
GM1894,Peel en Maas,Biggest Party,14.0,14.0,14.0,14.0,1.0,1.0,1.0,1.0,1.0,1.0,1.0
GM1895,Oldambt,Biggest Party,14.0,14.0,14.0,14.0,14.0,14.0,14.0,14.0,14.0,14.0,14.0
GM1896,Zwartewaterland,Biggest Party,11.0,11.0,11.0,11.0,11.0,11.0,11.0,11.0,11.0,11.0,11.0
GM1900,Súdwest-Fryslân,Biggest Party,2.0,2.0,14.0,14.0,14.0,14.0,14.0,14.0,1.0,1.0,1.0
GM1901,Bodegraven-Reeuwijk,Biggest Party,1.0,1.0,1.0,1.0,1.0,1.0,1.0,1.0,1.0,1.0,1.0
GM1903,Eijsden-Margraten,Biggest Party,2.0,1.0,1.0,1.0,1.0,1.0,1.0,1.0,1.0,1.0,1.0
GM1904,Stichtse Vecht,Biggest Party,1.0,1.0,1.0,1.0,1.0,1.0,1.0,1.0,1.0,1.0,1.0
GM1908,Menameradiel,Biggest Party,7.0,7.0,14.0,14.0,14.0,14.0,14.0,14.0,14.0,14.0,14.0
GM1911,Hollands Kroon,Biggest Party,1.0,1.0,1.0,1.0,1.0,1.0,1.0,1.0,1.0,1.0,1.0
GM1916,Leidschendam-Voorburg,Biggest Party,1.0,1.0,1.0,1.0,1.0,1.0,1.0,1.0,1.0,1.0,1.0
GM1924,Goeree-Overflakkee,Biggest Party,1.0,1.0,1.0,1.0,1.0,1.0,1.0,1.0,1.0,1.0,1.0
GM1926,Pijnacker-Nootdorp,Biggest Party,1.0,1.0,1.0,1.0,1.0,1.0,1.0,1.0,1.0,1.0,1.0
GM1927,Molenwaard,Biggest Party,11.0,11.0,11.0,11.0,11.0,11.0,11.0,11.0,11.0,11.0,11.0
GM1930,Nissewaard,Biggest Party,14.0,14.0,14.0,14.0,14.0,14.0,14.0,14.0,14.0,14.0,14.0
GM1931,Krimpenerwaard,Biggest Party,1.0,1.0,1.0,1.0,1.0,1.0,1.0,1.0,1.0,1.0,1.0
GM1940,De Fryske Marren,Biggest Party,2.0,1.0,1.0,1.0,1.0,1.0,1.0,1.0,1.0,1.0,1.0
GM1942,Gooise Meren,Biggest Party,1.0,1.0,1.0,1.0,1.0,1.0,1.0,1.0,1.0,1.0,1.0
GM1945,Berg en Dal,Biggest Party,1.0,1.0,1.0,1.0,1.0,1.0,1.0,1.0,1.0,3.0,3.0
GM1948,Meierijstad,Biggest Party,1.0,1.0,1.0,1.0,1.0,1.0,1.0,1.0,1.0,1.0,1.0
GM1955,Montferland,Biggest Party,1.0,1.0,1.0,1.0,1.0,1.0,1.0,1.0,1.0,1.0,1.0
GM1987,Menterwolde,Biggest Party,14.0,14.0,14.0,14.0,14.0,14.0,14.0,14.0,14.0,14.0,14.0
